stage,model,sensitive_attr,num_groups_included,min_group_size,max_group_size,selection_rate_pred_at_risk_gap,selection_rate_pred_at_risk_min,selection_rate_pred_at_risk_max,tpr_recall_at_risk_gap,tpr_recall_at_risk_min,tpr_recall_at_risk_max,fpr_gap,fpr_min,fpr_max,fnr_gap,fnr_min,fnr_max,accuracy_gap,accuracy_min,accuracy_max,balanced_accuracy_gap,balanced_accuracy_min,balanced_accuracy_max,f1_at_risk_gap,f1_at_risk_min,f1_at_risk_max,roc_auc_gap,roc_auc_min,roc_auc_max
early_25pct,LogisticRegression,age_band,3,60,5778,0.18125649013499484,0.31666666666666665,0.4979231568016615,0.18522363631922223,0.5769230769230769,0.7621467132422991,0.06379075022934241,0.11764705882352941,0.18143780905287182,0.18522363631922223,0.23785328675770084,0.4230769230769231,0.03781585323641401,0.75,0.787815853236414,0.06071644304493995,0.7296380090497737,0.7903544520947137,0.1298816240734595,0.6666666666666666,0.7965482907401261,0.019505122532366137,0.8604701780001678,0.8799753005325339
early_25pct,LogisticRegression,gender,2,3696,4444,0.04773155887017272,0.44101731601731603,0.48874887488748875,0.06784617167837526,0.7034733022291343,0.7713194739075095,0.015122315115888407,0.15449915110356535,0.16962146621945376,0.06784617167837526,0.22868052609249045,0.2965266977708657,0.02768044661609015,0.7713744588744589,0.799054905490549,0.026361928281243507,0.7744870755627844,0.8008490038440279,0.04025247428283818,0.7625737566732228,0.802826230956061,0.025310255514074953,0.8610291846105507,0.8863394401246256
early_25pct,LogisticRegression,imd_band,11,312,920,0.38345324806063835,0.2724358974358974,0.6558891454965358,0.256114223254543,0.5769230769230769,0.8330373001776199,0.2326466517619504,0.09408602150537634,0.32673267326732675,0.25611422325454297,0.1669626998223801,0.4230769230769231,0.03298718972811454,0.7740303541315345,0.8070175438596491,0.07887301034921024,0.7283653846153846,0.8072383949645948,0.19443391857184966,0.6349206349206349,0.8293545534924845,0.0621296252112008,0.8225776627218936,0.8847072879330944
early_25pct,RandomForest,age_band,3,60,5778,0.11983385254413292,0.36666666666666664,0.48650051921079956,0.07936585485013559,0.6923076923076923,0.7716735471578279,0.03577005045128946,0.109151973131822,0.14492202358311146,0.07936585485013559,0.22832645284217212,0.3076923076923077,0.014943527367506482,0.8,0.8149435273675065,0.026045445045276838,0.7873303167420814,0.8133757617873583,0.06543624161073824,0.75,0.8154362416107382,0.01984251667646031,0.8744343891402715,0.8942769058167318
early_25pct,RandomForest,gender,2,3696,4444,0.037870751360850385,0.44345238095238093,0.4813231323132313,0.048621480460461775,0.7345775012960083,0.7831989817564701,0.01475623615509708,0.12563667232597622,0.1403929084810733,0.0486214804604618,0.2168010182435299,0.2654224987039917,0.017674981783892596,0.8014069264069265,0.819081908190819,0.01693262215268221,0.8044704144850161,0.8214030366376983,0.02689186601343696,0.7942825112107623,0.8211743772241993,0.019992490510615912,0.8819865262078256,0.9019790167184415
early_25pct,RandomForest,imd_band,11,312,920,0.29993486113578494,0.28205128205128205,0.581986143187067,0.18390490504167234,0.6153846153846154,0.7992895204262878,0.09017595307917889,0.08870967741935484,0.17888563049853373,0.18390490504167237,0.20071047957371227,0.38461538461538464,0.04151748580521508,0.7948717948717948,0.8363892806770099,0.08249976069685072,0.75,0.8324997606968507,0.17681974383005317,0.6666666666666666,0.8434864104967198,0.05784502367674316,0.84948224852071,0.9073272721974531
early_25pct,XGBoost,age_band,3,60,5778,0.11908965039806158,0.38333333333333336,0.5024229837313949,0.05995798421965459,0.7307692307692307,0.7907272149888853,0.03944689324950215,0.11764705882352941,0.15709395207303156,0.05995798421965459,0.20927278501111463,0.2692307692307692,0.010411236605849972,0.8062554300608167,0.8166666666666667,0.013092934151168412,0.8037236973067584,0.8168166314579268,0.04735826915035679,0.7755102040816326,0.8228684732319894,0.015488050083474647,0.8812217194570136,0.8967097695404882
early_25pct,XGBoost,gender,2,3696,4444,0.045593845098795605,0.4523809523809524,0.497974797479748,0.04683423168647349,0.7490927941938829,0.7959270258803564,0.03300947547935329,0.1284663271080928,0.1614758025874461,0.04683423168647352,0.20407297411964362,0.25090720580611714,0.008301723029445873,0.8076298701298701,0.815931593159316,0.006912378103560046,0.8103132335428951,0.8172256116464551,0.01845171867527673,0.8025548458761456,0.8210065645514223,0.018100725139874152,0.8850008640055296,0.9031015891454037
early_25pct,XGBoost,imd_band,11,312,920,0.33226742464617753,0.28205128205128205,0.6143187066974596,0.19738010657193605,0.625,0.822380106571936,0.1390130948578729,0.08870967741935484,0.22772277227722773,0.19738010657193605,0.17761989342806395,0.375,0.05422232868763255,0.7906295754026355,0.844851904090268,0.08419029938664757,0.7572115384615384,0.841401837848186,0.16857876712328768,0.6770833333333334,0.845662100456621,0.06275743409256163,0.847032174556213,0.9097896086487747
full_100pct,LogisticRegression,age_band,3,60,5778,0.09297334717895467,0.43333333333333335,0.526306680512288,0.06144845253756148,0.9000900090009001,0.9615384615384616,0.03639272369274831,0.029411764705882353,0.06580448839863066,0.06144845253756144,0.038461538461538464,0.0999099909990999,0.04524056767047424,0.9214260989961924,0.9666666666666667,0.04358293145333125,0.9224804169629583,0.9660633484162896,0.03689676019773114,0.9246417013407304,0.9615384615384616,0.0032548666152618644,0.9717194570135747,0.9749743236288365
full_100pct,LogisticRegression,gender,2,3696,4444,0.025893660794650886,0.49188311688311687,0.5177767776777678,0.025567598846888084,0.8942457231726283,0.9198133220195164,0.011096260055985685,0.05263157894736842,0.0637278390033541,0.02556759884688803,0.08018667798048366,0.1057542768273717,0.007899897132570444,0.9196428571428571,0.9275427542754275,0.007235669395451283,0.9208070721126299,0.9280427415080812,0.010135029449063748,0.9207365892714171,0.9308716187204809,0.01208670325215222,0.9678419782294077,0.9799286814815599
full_100pct,LogisticRegression,imd_band,11,312,920,0.3076626991176645,0.32051282051282054,0.628175519630485,0.07917500714898484,0.8557692307692307,0.9349442379182156,0.07869012707722385,0.026881720430107527,0.10557184750733138,0.07917500714898483,0.06505576208178439,0.14423076923076922,0.03288468616957163,0.9064665127020786,0.9393511988716502,0.036155407760294356,0.9014423076923077,0.9375977154526021,0.072051919359293,0.8725490196078431,0.9446009389671362,0.018007507139921275,0.9634736120148428,0.9814811191547641
full_100pct,RandomForest,age_band,3,60,5778,0.09423676012461052,0.4166666666666667,0.5109034267912772,0.047597527908737836,0.9139409336297237,0.9615384615384616,0.02814758463294028,0.0,0.02814758463294028,0.04759752790873781,0.038461538461538464,0.08605906637027627,0.043042575285565876,0.9402907580477674,0.9833333333333333,0.037872556270839075,0.9428966744983918,0.9807692307692308,0.036940263730471656,0.9434518931322734,0.9803921568627451,0.0071189792765706805,0.9785067873303167,0.9856257666068874
full_100pct,RandomForest,gender,2,3696,4444,0.017133856242767143,0.4837662337662338,0.5009000900090009,0.02905719877896995,0.8983929497148782,0.9274501484938481,0.011959935233852595,0.019166267369429803,0.0311262026032824,0.029057198778969937,0.07254985150615188,0.10160705028512182,0.02043150743645794,0.9320887445887446,0.9525202520252025,0.020508567006411238,0.9336333735557979,0.9541419405622091,0.021487864023099323,0.9324724239978477,0.953960288020947,0.009497971187530485,0.9783881265396974,0.9878860977272279
full_100pct,RandomForest,imd_band,11,312,920,0.3032806300704684,0.2948717948717949,0.5981524249422633,0.0655204460966543,0.875,0.9405204460966543,0.04504568012632529,0.004807692307692308,0.04985337243401759,0.06552044609665428,0.05947955390334572,0.125,0.025567004204417598,0.9295612009237876,0.9551282051282052,0.02412630717756925,0.9316602316602316,0.9557865388378008,0.031116706161137486,0.928125,0.9592417061611375,0.008975758330489914,0.9790256112645013,0.9880013695949912
full_100pct,XGBoost,age_band,3,60,5778,0.10375562478366213,0.4166666666666667,0.5204222914503288,0.03425996042699764,0.9272785011114639,0.9615384615384616,0.03309243058197033,0.0,0.03309243058197033,0.03425996042699758,0.038461538461538464,0.07272149888853605,0.038023537556247766,0.9453097957770855,0.9833333333333333,0.033676195504483974,0.9470930352647469,0.9807692307692308,0.03172419065091925,0.9486679662118258,0.9803921568627451,0.003069593715593344,0.9856181890898364,0.9886877828054298
full_100pct,XGBoost,gender,2,3696,4444,0.02135034932064639,0.4908008658008658,0.5121512151215122,0.026751546687200478,0.9134266459305339,0.9401781926177344,0.0006790086798677437,0.028749401054144707,0.02942840973401245,0.026751546687200457,0.05982180738226559,0.08657335406946605,0.014023723800951515,0.9407467532467533,0.9547704770477048,0.013715277683534088,0.9419991180982608,0.9557143957817948,0.015124801060403814,0.9414907827945498,0.9566155838549536,0.008136724758765035,0.9816019630675041,0.9897386878262692
full_100pct,XGBoost,imd_band,11,312,920,0.31009060223840823,0.3076923076923077,0.6177829099307159,0.055583357163282776,0.8942307692307693,0.949814126394052,0.03606026898574173,0.013793103448275862,0.04985337243401759,0.05558335716328281,0.05018587360594796,0.10576923076923077,0.019887256151415844,0.9355783308931186,0.9554655870445344,0.022138949167033073,0.9348820248820249,0.957020974049058,0.031429915333960445,0.93,0.9614299153339605,0.009684472524412735,0.9808604306256558,0.9905449031500685
