stage,model,sensitive_attr,group,n,base_rate_true_at_risk,accuracy,balanced_accuracy,precision_at_risk,recall_at_risk,f1_at_risk,tp,tn,fp,fn,tpr_recall_at_risk,fpr,fnr,tnr,selection_rate_pred_at_risk,roc_auc
early_25pct,LogisticRegression,gender,F,3696,0.5219155844155844,0.7713744588744589,0.7744870755627844,0.8325153374233129,0.7034733022291343,0.7625737566732228,1357,1494,273,572,0.7034733022291343,0.15449915110356535,0.2965266977708657,0.8455008488964346,0.44101731601731603,0.8610291846105507
early_25pct,LogisticRegression,gender,M,4444,0.5303780378037803,0.799054905490549,0.8008490038440279,0.8370165745856354,0.7713194739075095,0.802826230956061,1818,1733,354,539,0.7713194739075095,0.16962146621945376,0.22868052609249045,0.8303785337805463,0.48874887488748875,0.8863394401246256
early_25pct,LogisticRegression,age_band,0-35,5778,0.5449982692973347,0.787815853236414,0.7903544520947137,0.8342022940563086,0.7621467132422991,0.7965482907401261,2400,2152,477,749,0.7621467132422991,0.18143780905287182,0.23785328675770084,0.8185621909471282,0.4979231568016615,0.8799753005325339
early_25pct,LogisticRegression,age_band,35-55,2302,0.4826238053866203,0.7841007819287577,0.7807411723540112,0.8388520971302428,0.684068406840684,0.7535944471988101,760,1045,146,351,0.684068406840684,0.12258606213266163,0.3159315931593159,0.8774139378673383,0.3935708079930495,0.8604701780001678
early_25pct,LogisticRegression,age_band,55<=,60,0.43333333333333335,0.75,0.7296380090497737,0.7894736842105263,0.5769230769230769,0.6666666666666666,15,30,4,11,0.5769230769230769,0.11764705882352941,0.4230769230769231,0.8823529411764706,0.31666666666666665,0.8778280542986425
early_25pct,LogisticRegression,highest_education,A Level or Equivalent,3438,0.48196625945317045,0.7946480511925538,0.7917334351704794,0.8384341637010676,0.7109233554616777,0.7694317439581972,1178,1554,227,479,0.7109233554616777,0.1274564851207187,0.28907664453832227,0.8725435148792813,0.4086678301337987,0.874591552961133
early_25pct,LogisticRegression,highest_education,HE Qualification,1176,0.44387755102040816,0.7899659863945578,0.7788762346655418,0.8160919540229885,0.6800766283524904,0.741901776384535,355,574,80,167,0.6800766283524904,0.12232415902140673,0.31992337164750956,0.8776758409785933,0.36989795918367346,0.8660058350029878
early_25pct,LogisticRegression,highest_education,Lower Than A Level,3333,0.6006600660066007,0.7755775577557755,0.774155596469646,0.8345784418356457,0.7812187812187812,0.8070175438596491,1564,1021,310,438,0.7812187812187812,0.2329075882794891,0.21878121878121878,0.7670924117205109,0.5622562256225623,0.8677438264215123
early_25pct,LogisticRegression,highest_education,No Formal quals,107,0.7476635514018691,0.8130841121495327,0.8136574074074074,0.9285714285714286,0.8125,0.8666666666666667,65,22,5,15,0.8125,0.18518518518518517,0.1875,0.8148148148148148,0.6542056074766355,0.8912037037037037
early_25pct,LogisticRegression,highest_education,Post Graduate Qualification,86,0.29069767441860467,0.8023255813953488,0.719016393442623,0.7222222222222222,0.52,0.6046511627906976,13,56,5,12,0.52,0.08196721311475409,0.48,0.9180327868852459,0.20930232558139536,0.8767213114754098
early_25pct,LogisticRegression,imd_band,0-10%,866,0.6501154734411085,0.7771362586605081,0.7531523134551465,0.8257042253521126,0.8330373001776199,0.8293545534924845,469,204,99,94,0.8330373001776199,0.32673267326732675,0.1669626998223801,0.6732673267326733,0.6558891454965358,0.8657064640744714
early_25pct,LogisticRegression,imd_band,10-20,856,0.6016355140186916,0.7885514018691588,0.7826580872932267,0.8326693227091634,0.8116504854368932,0.8220255653883972,418,257,84,97,0.8116504854368932,0.24633431085043989,0.1883495145631068,0.7536656891495601,0.5864485981308412,0.8665319021723656
early_25pct,LogisticRegression,imd_band,20-30%,918,0.5860566448801743,0.7854030501089324,0.7952748972803756,0.8763796909492274,0.7379182156133829,0.8012108980827447,397,324,56,141,0.7379182156133829,0.14736842105263157,0.2620817843866171,0.8526315789473684,0.4934640522875817,0.8791919389551948
early_25pct,LogisticRegression,imd_band,30-40%,920,0.5271739130434783,0.782608695652174,0.7861120985898803,0.8433734939759037,0.7216494845360825,0.7777777777777778,350,370,65,135,0.7216494845360825,0.14942528735632185,0.27835051546391754,0.8505747126436781,0.45108695652173914,0.8720796302879487
early_25pct,LogisticRegression,imd_band,40-50%,832,0.5408653846153846,0.7848557692307693,0.788848167539267,0.8430379746835444,0.74,0.7881656804733728,333,320,62,117,0.74,0.16230366492146597,0.26,0.837696335078534,0.47475961538461536,0.8768993600930773
early_25pct,LogisticRegression,imd_band,50-60%,741,0.5020242914979757,0.8070175438596491,0.8072383949645948,0.8459214501510574,0.7526881720430108,0.7965860597439545,280,318,51,92,0.7526881720430108,0.13821138211382114,0.24731182795698925,0.8617886178861789,0.446693657219973,0.8847072879330944
early_25pct,LogisticRegression,imd_band,60-70%,710,0.4887323943661972,0.7845070422535211,0.7825239558275974,0.8368055555555556,0.6945244956772334,0.7590551181102362,241,316,47,106,0.6945244956772334,0.12947658402203857,0.30547550432276654,0.8705234159779615,0.4056338028169014,0.8701502846119038
early_25pct,LogisticRegression,imd_band,70-80%,683,0.48755490483162517,0.780380673499268,0.779004719004719,0.8060200668896321,0.7237237237237237,0.7626582278481012,241,292,58,92,0.7237237237237237,0.1657142857142857,0.27627627627627627,0.8342857142857143,0.4377745241581259,0.8704418704418704
early_25pct,LogisticRegression,imd_band,80-90%,709,0.47531734837799716,0.8039492242595204,0.7986543186241664,0.8694029850746269,0.6913946587537092,0.7702479338842976,233,337,35,104,0.6913946587537092,0.09408602150537634,0.3086053412462908,0.9059139784946236,0.37799717912552894,0.8822468970358317
early_25pct,LogisticRegression,imd_band,90-100%,593,0.40809443507588533,0.7740303541315345,0.7520131383767747,0.7727272727272727,0.6322314049586777,0.6954545454545454,153,306,45,89,0.6322314049586777,0.1282051282051282,0.3677685950413223,0.8717948717948718,0.33389544688026984,0.8577029031574487
early_25pct,LogisticRegression,imd_band,nan,312,0.3333333333333333,0.7788461538461539,0.7283653846153846,0.7058823529411765,0.5769230769230769,0.6349206349206349,60,183,25,44,0.5769230769230769,0.1201923076923077,0.4230769230769231,0.8798076923076923,0.2724358974358974,0.8225776627218936
early_25pct,RandomForest,gender,F,3696,0.5219155844155844,0.8014069264069265,0.8044704144850161,0.8645515558267236,0.7345775012960083,0.7942825112107623,1417,1545,222,512,0.7345775012960083,0.12563667232597622,0.2654224987039917,0.8743633276740238,0.44345238095238093,0.8819865262078256
early_25pct,RandomForest,gender,M,4444,0.5303780378037803,0.819081908190819,0.8214030366376983,0.8630201028517999,0.7831989817564701,0.8211743772241993,1846,1794,293,511,0.7831989817564701,0.1403929084810733,0.2168010182435299,0.8596070915189267,0.4813231323132313,0.9019790167184415
early_25pct,RandomForest,age_band,0-35,5778,0.5449982692973347,0.8096227068189685,0.8133757617873583,0.8644610458911419,0.7716735471578279,0.8154362416107382,2430,2248,381,719,0.7716735471578279,0.14492202358311146,0.22832645284217212,0.8550779764168885,0.48650051921079956,0.8942769058167318
early_25pct,RandomForest,age_band,35-55,2302,0.4826238053866203,0.8149435273675065,0.8122106921019558,0.8624338624338624,0.7335733573357336,0.7928015564202334,815,1061,130,296,0.7335733573357336,0.109151973131822,0.2664266426642664,0.890848026868178,0.4105125977410947,0.8890803438026422
early_25pct,RandomForest,age_band,55<=,60,0.43333333333333335,0.8,0.7873303167420814,0.8181818181818182,0.6923076923076923,0.75,18,30,4,8,0.6923076923076923,0.11764705882352941,0.3076923076923077,0.8823529411764706,0.36666666666666664,0.8744343891402715
early_25pct,RandomForest,highest_education,A Level or Equivalent,3438,0.48196625945317045,0.8176265270506108,0.8152145441878448,0.8551724137931035,0.7483403741701871,0.7981976182813003,1240,1571,210,417,0.7483403741701871,0.11791128579449747,0.25165962582981294,0.8820887142055025,0.42175683536940084,0.8938015673387399
early_25pct,RandomForest,highest_education,HE Qualification,1176,0.44387755102040816,0.8078231292517006,0.7991845056065239,0.8231441048034934,0.7222222222222222,0.7693877551020408,377,573,81,145,0.7222222222222222,0.12385321100917432,0.2777777777777778,0.8761467889908257,0.38945578231292516,0.8832384266582305
early_25pct,RandomForest,highest_education,Lower Than A Level,3333,0.6006600660066007,0.8028802880288028,0.8089699556641705,0.8793006204173717,0.7787212787212787,0.8259602649006622,1559,1117,214,443,0.7787212787212787,0.16078136739293764,0.22127872127872128,0.8392186326070623,0.531953195319532,0.8896655560817845
early_25pct,RandomForest,highest_education,No Formal quals,107,0.7476635514018691,0.8411214953271028,0.820138888888889,0.92,0.8625,0.8903225806451613,69,21,6,11,0.8625,0.2222222222222222,0.1375,0.7777777777777778,0.7009345794392523,0.9004629629629629
early_25pct,RandomForest,highest_education,Post Graduate Qualification,86,0.29069767441860467,0.872093023255814,0.8272131147540984,0.8181818181818182,0.72,0.7659574468085106,18,57,4,7,0.72,0.06557377049180328,0.28,0.9344262295081968,0.2558139534883721,0.881311475409836
early_25pct,RandomForest,imd_band,0-10%,866,0.6501154734411085,0.8071593533487298,0.8105358493220547,0.8928571428571429,0.7992895204262878,0.8434864104967198,450,249,54,113,0.7992895204262878,0.1782178217821782,0.20071047957371227,0.8217821782178217,0.581986143187067,0.8916166927527567
early_25pct,RandomForest,imd_band,10-20,856,0.6016355140186916,0.7990654205607477,0.8027901944594711,0.8688172043010752,0.7844660194174757,0.8244897959183674,404,280,61,111,0.7844660194174757,0.17888563049853373,0.21553398058252426,0.8211143695014663,0.5432242990654206,0.8799703897730833
early_25pct,RandomForest,imd_band,20-30%,918,0.5860566448801743,0.8159041394335512,0.8259342594404226,0.9037199124726477,0.7676579925650557,0.8301507537688442,413,336,44,125,0.7676579925650557,0.11578947368421053,0.23234200743494424,0.8842105263157894,0.49782135076252726,0.8973537468205831
early_25pct,RandomForest,imd_band,30-40%,920,0.5271739130434783,0.8054347826086956,0.8078800805782675,0.8525345622119815,0.7628865979381443,0.8052230685527747,370,371,64,115,0.7628865979381443,0.1471264367816092,0.23711340206185566,0.8528735632183908,0.4717391304347826,0.8875364379665838
early_25pct,RandomForest,imd_band,40-50%,832,0.5408653846153846,0.8112980769230769,0.8152705061082024,0.8690176322418136,0.7666666666666667,0.8146399055489965,345,330,52,105,0.7666666666666667,0.13612565445026178,0.23333333333333334,0.8638743455497382,0.47716346153846156,0.8996276905177429
early_25pct,RandomForest,imd_band,50-60%,741,0.5020242914979757,0.8191632928475033,0.8193898068012938,0.8606060606060606,0.7634408602150538,0.8091168091168092,284,323,46,88,0.7634408602150538,0.12466124661246612,0.23655913978494625,0.8753387533875339,0.44534412955465585,0.9073272721974531
early_25pct,RandomForest,imd_band,60-70%,710,0.4887323943661972,0.8140845070422535,0.8125292749343052,0.8571428571428571,0.7435158501440923,0.7962962962962963,258,320,43,89,0.7435158501440923,0.1184573002754821,0.2564841498559078,0.8815426997245179,0.423943661971831,0.9003739252625813
early_25pct,RandomForest,imd_band,70-80%,683,0.48755490483162517,0.7994143484626647,0.797940797940798,0.831081081081081,0.7387387387387387,0.7821939586645469,246,300,50,87,0.7387387387387387,0.14285714285714285,0.26126126126126126,0.8571428571428571,0.4333821376281113,0.872835692835693
early_25pct,RandomForest,imd_band,80-90%,709,0.47531734837799716,0.8363892806770099,0.8324997606968507,0.8850174216027874,0.7537091988130564,0.8141025641025641,254,339,33,83,0.7537091988130564,0.08870967741935484,0.24629080118694363,0.9112903225806451,0.40479548660084624,0.9020452442487477
early_25pct,RandomForest,imd_band,90-100%,593,0.40809443507588533,0.8128161888701517,0.7988921852558216,0.7990867579908676,0.7231404958677686,0.7592190889370932,175,307,44,67,0.7231404958677686,0.12535612535612536,0.2768595041322314,0.8746438746438746,0.36930860033726814,0.8800122436486074
early_25pct,RandomForest,imd_band,nan,312,0.3333333333333333,0.7948717948717948,0.75,0.7272727272727273,0.6153846153846154,0.6666666666666666,64,184,24,40,0.6153846153846154,0.11538461538461539,0.38461538461538464,0.8846153846153846,0.28205128205128205,0.84948224852071
full_100pct,LogisticRegression,gender,F,3696,0.5219155844155844,0.9196428571428571,0.9208070721126299,0.9488448844884488,0.8942457231726283,0.9207365892714171,1725,1674,93,204,0.8942457231726283,0.05263157894736842,0.1057542768273717,0.9473684210526315,0.49188311688311687,0.9678419782294077
full_100pct,LogisticRegression,gender,M,4444,0.5303780378037803,0.9275427542754275,0.9280427415080812,0.9421990438939591,0.9198133220195164,0.9308716187204809,2168,1954,133,189,0.9198133220195164,0.0637278390033541,0.08018667798048366,0.9362721609966459,0.5177767776777678,0.9799286814815599
full_100pct,LogisticRegression,age_band,0-35,5778,0.5449982692973347,0.9214260989961924,0.9224804169629583,0.9431108188096021,0.9107653223245474,0.9266558966074313,2868,2456,173,281,0.9107653223245474,0.06580448839863066,0.08923467767545253,0.9341955116013694,0.526306680512288,0.9743764767528704
full_100pct,LogisticRegression,age_band,35-55,2302,0.4826238053866203,0.9291920069504779,0.9282146098740857,0.9505703422053232,0.9000900090009001,0.9246417013407304,1000,1139,52,111,0.9000900090009001,0.0436607892527288,0.0999099909990999,0.9563392107472712,0.4569939183318853,0.9749743236288365
full_100pct,LogisticRegression,age_band,55<=,60,0.43333333333333335,0.9666666666666667,0.9660633484162896,0.9615384615384616,0.9615384615384616,0.9615384615384616,25,33,1,1,0.9615384615384616,0.029411764705882353,0.038461538461538464,0.9705882352941176,0.43333333333333335,0.9717194570135747
full_100pct,LogisticRegression,highest_education,A Level or Equivalent,3438,0.48196625945317045,0.9232111692844677,0.9225018865737956,0.9355847404627893,0.9028364514182257,0.918918918918919,1496,1678,103,161,0.9028364514182257,0.05783267827063447,0.0971635485817743,0.9421673217293656,0.4650959860383944,0.9720292350320234
full_100pct,LogisticRegression,highest_education,HE Qualification,1176,0.44387755102040816,0.9311224489795918,0.9282136454708425,0.9401197604790419,0.9022988505747126,0.9208211143695014,471,624,30,51,0.9022988505747126,0.045871559633027525,0.09770114942528736,0.9541284403669725,0.4260204081632653,0.9830398256529228
full_100pct,LogisticRegression,highest_education,Lower Than A Level,3333,0.6006600660066007,0.9201920192019202,0.922234790003385,0.9530271398747391,0.9120879120879121,0.9321082184788158,1826,1241,90,176,0.9120879120879121,0.067618332081142,0.08791208791208792,0.932381667918858,0.5748574857485749,0.972057244033202
full_100pct,LogisticRegression,highest_education,No Formal quals,107,0.7476635514018691,0.9532710280373832,0.9319444444444445,0.9629629629629629,0.975,0.968944099378882,78,24,3,2,0.975,0.1111111111111111,0.025,0.8888888888888888,0.7570093457943925,0.9875
full_100pct,LogisticRegression,highest_education,Post Graduate Qualification,86,0.29069767441860467,0.9651162790697675,0.94,1.0,0.88,0.9361702127659575,22,61,0,3,0.88,0.0,0.12,1.0,0.2558139534883721,0.9796721311475409
full_100pct,LogisticRegression,imd_band,0-10%,866,0.6501154734411085,0.9064665127020786,0.9044399111314328,0.9430147058823529,0.911190053285968,0.926829268292683,513,272,31,50,0.911190053285968,0.10231023102310231,0.08880994671403197,0.8976897689768977,0.628175519630485,0.9634736120148428
full_100pct,LogisticRegression,imd_band,10-20,856,0.6016355140186916,0.9065420560747663,0.9044956296443926,0.9289940828402367,0.9145631067961165,0.9217221135029354,471,305,36,44,0.9145631067961165,0.10557184750733138,0.0854368932038835,0.8944281524926686,0.5922897196261683,0.9708623978589529
full_100pct,LogisticRegression,imd_band,20-30%,918,0.5860566448801743,0.9357298474945533,0.9358931715906867,0.9544592030360531,0.9349442379182156,0.9446009389671362,503,356,24,35,0.9349442379182156,0.06315789473684211,0.06505576208178439,0.9368421052631579,0.5740740740740741,0.9814811191547641
full_100pct,LogisticRegression,imd_band,30-40%,920,0.5271739130434783,0.9206521739130434,0.9220168266382274,0.9497816593886463,0.8969072164948454,0.9225874867444327,435,412,23,50,0.8969072164948454,0.052873563218390804,0.10309278350515463,0.9471264367816092,0.49782608695652175,0.9759687166725914
full_100pct,LogisticRegression,imd_band,40-50%,832,0.5408653846153846,0.9362980769230769,0.9375509016870274,0.9584295612009238,0.9222222222222223,0.9399773499433749,415,364,18,35,0.9222222222222223,0.04712041884816754,0.07777777777777778,0.9528795811518325,0.5204326923076923,0.9768993600930772
full_100pct,LogisticRegression,imd_band,50-60%,741,0.5020242914979757,0.9284750337381916,0.9285230352303523,0.9393939393939394,0.9166666666666666,0.927891156462585,341,347,22,31,0.9166666666666666,0.05962059620596206,0.08333333333333333,0.940379403794038,0.4898785425101215,0.9761124224145468
full_100pct,LogisticRegression,imd_band,60-70%,710,0.4887323943661972,0.9295774647887324,0.9289065663181462,0.9541284403669725,0.899135446685879,0.9258160237388724,312,348,15,35,0.899135446685879,0.04132231404958678,0.10086455331412104,0.9586776859504132,0.46056338028169014,0.9714911758401411
full_100pct,LogisticRegression,imd_band,70-80%,683,0.48755490483162517,0.9136163982430454,0.9130158730158731,0.9308176100628931,0.8888888888888888,0.9093701996927803,296,328,22,37,0.8888888888888888,0.06285714285714286,0.1111111111111111,0.9371428571428572,0.465592972181552,0.9726469326469326
full_100pct,LogisticRegression,imd_band,80-90%,709,0.47531734837799716,0.9393511988716502,0.9375977154526021,0.9681528662420382,0.9020771513353115,0.9339477726574501,304,362,10,33,0.9020771513353115,0.026881720430107527,0.09792284866468842,0.9731182795698925,0.44287729196050774,0.9760696850770556
full_100pct,LogisticRegression,imd_band,90-100%,593,0.40809443507588533,0.9291736930860034,0.9222057403875585,0.9385964912280702,0.8842975206611571,0.9106382978723404,214,337,14,28,0.8842975206611571,0.039886039886039885,0.11570247933884298,0.9601139601139601,0.3844856661045531,0.9736643827552919
full_100pct,LogisticRegression,imd_band,nan,312,0.3333333333333333,0.9166666666666666,0.9014423076923077,0.89,0.8557692307692307,0.8725490196078431,89,197,11,15,0.8557692307692307,0.052884615384615384,0.14423076923076922,0.9471153846153846,0.32051282051282054,0.9746671597633135
full_100pct,RandomForest,gender,F,3696,0.5219155844155844,0.9320887445887446,0.9336333735557979,0.9692393736017897,0.8983929497148782,0.9324724239978477,1733,1712,55,196,0.8983929497148782,0.0311262026032824,0.10160705028512182,0.9688737973967176,0.4837662337662338,0.9783881265396974
full_100pct,RandomForest,gender,M,4444,0.5303780378037803,0.9525202520252025,0.9541419405622091,0.9820305480682839,0.9274501484938481,0.953960288020947,2186,2047,40,171,0.9274501484938481,0.019166267369429803,0.07254985150615188,0.9808337326305702,0.5009000900090009,0.9878860977272279
full_100pct,RandomForest,age_band,0-35,5778,0.5449982692973347,0.9402907580477674,0.9428966744983918,0.9749322493224932,0.9139409336297237,0.9434518931322734,2878,2555,74,271,0.9139409336297237,0.02814758463294028,0.08605906637027627,0.9718524153670597,0.5109034267912772,0.9830245517393326
full_100pct,RandomForest,age_band,35-55,2302,0.4826238053866203,0.9496090356211989,0.9484296036656563,0.9797492767598843,0.9144914491449145,0.9459962756052142,1016,1170,21,95,0.9144914491449145,0.017632241813602016,0.0855085508550855,0.982367758186398,0.45047784535186797,0.9856257666068874
full_100pct,RandomForest,age_band,55<=,60,0.43333333333333335,0.9833333333333333,0.9807692307692308,1.0,0.9615384615384616,0.9803921568627451,25,34,0,1,0.9615384615384616,0.0,0.038461538461538464,1.0,0.4166666666666667,0.9785067873303167
full_100pct,RandomForest,highest_education,A Level or Equivalent,3438,0.48196625945317045,0.9403723094822571,0.939191668781685,0.9677835051546392,0.9064574532287266,0.9361171704580866,1502,1731,50,155,0.9064574532287266,0.02807411566535654,0.09354254677127338,0.9719258843346434,0.4514252472367656,0.9810481929384702
full_100pct,RandomForest,highest_education,HE Qualification,1176,0.44387755102040816,0.9600340136054422,0.9563341417976028,0.9856850715746421,0.9233716475095786,0.9535113748763601,482,647,7,40,0.9233716475095786,0.010703363914373088,0.07662835249042145,0.9892966360856269,0.41581632653061223,0.9908081127631903
full_100pct,RandomForest,highest_education,Lower Than A Level,3333,0.6006600660066007,0.9393939393939394,0.9450177921252302,0.9807692307692307,0.9170829170829171,0.9478575116159009,1836,1295,36,166,0.9170829170829171,0.027047332832456798,0.08291708291708291,0.9729526671675433,0.5616561656165616,0.9826934898309805
full_100pct,RandomForest,highest_education,No Formal quals,107,0.7476635514018691,0.9626168224299065,0.950462962962963,0.975,0.975,0.975,78,25,2,2,0.975,0.07407407407407407,0.025,0.9259259259259259,0.7476635514018691,0.9949074074074075
full_100pct,RandomForest,highest_education,Post Graduate Qualification,86,0.29069767441860467,0.9534883720930233,0.9199999999999999,1.0,0.84,0.9130434782608695,21,61,0,4,0.84,0.0,0.16,1.0,0.2441860465116279,0.9960655737704918
full_100pct,RandomForest,imd_band,0-10%,866,0.6501154734411085,0.9295612009237876,0.9397294081095499,0.9845559845559846,0.9058614564831261,0.9435707678075855,510,295,8,53,0.9058614564831261,0.026402640264026403,0.0941385435168739,0.9735973597359736,0.5981524249422633,0.9790256112645013
full_100pct,RandomForest,imd_band,10-20,856,0.6016355140186916,0.9345794392523364,0.9372092361130884,0.9655172413793104,0.9242718446601942,0.9444444444444444,476,324,17,39,0.9242718446601942,0.04985337243401759,0.07572815533980583,0.9501466275659824,0.5759345794392523,0.9829456481507844
full_100pct,RandomForest,imd_band,20-30%,918,0.5860566448801743,0.9531590413943355,0.9557865388378008,0.9787234042553191,0.9405204460966543,0.9592417061611375,506,369,11,32,0.9405204460966543,0.02894736842105263,0.05947955390334572,0.9710526315789474,0.5631808278867102,0.9880013695949912
full_100pct,RandomForest,imd_band,30-40%,920,0.5271739130434783,0.9467391304347826,0.9486550539163408,0.9844444444444445,0.9134020618556701,0.9475935828877006,443,428,7,42,0.9134020618556701,0.016091954022988506,0.0865979381443299,0.9839080459770115,0.4891304347826087,0.9837611091361536
full_100pct,RandomForest,imd_band,40-50%,832,0.5408653846153846,0.9435096153846154,0.9454043048283887,0.9718969555035128,0.9222222222222223,0.9464082098061574,415,370,12,35,0.9222222222222223,0.031413612565445025,0.07777777777777778,0.9685863874345549,0.5132211538461539,0.9846887725421757
full_100pct,RandomForest,imd_band,50-60%,741,0.5020242914979757,0.9406207827260459,0.9407618672960922,0.9739884393063584,0.9059139784946236,0.9387186629526463,337,360,9,35,0.9059139784946236,0.024390243902439025,0.09408602150537634,0.975609756097561,0.4669365721997301,0.9853935367310663
full_100pct,RandomForest,imd_band,60-70%,710,0.4887323943661972,0.9478873239436619,0.9471939727375933,0.9754601226993865,0.9164265129682997,0.9450222882615156,318,355,8,29,0.9164265129682997,0.02203856749311295,0.08357348703170028,0.977961432506887,0.4591549295774648,0.982637483030462
full_100pct,RandomForest,imd_band,70-80%,683,0.48755490483162517,0.9326500732064422,0.9316602316602316,0.9674267100977199,0.8918918918918919,0.928125,297,340,10,36,0.8918918918918919,0.02857142857142857,0.10810810810810811,0.9714285714285714,0.4494875549048316,0.9811411411411411
full_100pct,RandomForest,imd_band,80-90%,709,0.47531734837799716,0.9506346967559943,0.9490483711432309,0.9778481012658228,0.9169139465875371,0.9464012251148545,309,365,7,28,0.9169139465875371,0.01881720430107527,0.0830860534124629,0.9811827956989247,0.44569816643159377,0.9812466098720526
full_100pct,RandomForest,imd_band,90-100%,593,0.40809443507588533,0.9494097807757167,0.9412246003155094,0.9774774774774775,0.8966942148760331,0.9353448275862069,217,346,5,25,0.8966942148760331,0.014245014245014245,0.10330578512396695,0.9857549857549858,0.37436762225969644,0.9816816180452544
full_100pct,RandomForest,imd_band,nan,312,0.3333333333333333,0.9551282051282052,0.9350961538461539,0.9891304347826086,0.875,0.9285714285714286,91,207,1,13,0.875,0.004807692307692308,0.125,0.9951923076923077,0.2948717948717949,0.985992973372781
